A_i,sec_struct_3state,sec_struct_conf,i,in_model
M,C,9,1,False
Q,C,2,2,False
Y,E,1,3,True
K,E,7,4,True
L,E,8,5,True
I,E,7,6,True
L,E,6,7,True
N,E,1,8,True
G,C,4,9,True
K,E,1,10,True
T,E,1,11,True
L,C,2,12,True
K,C,5,13,True
G,C,5,14,True
E,C,1,15,True
T,H,4,16,True
T,H,6,17,True
T,H,8,18,True
E,H,9,19,True
A,H,8,20,True
V,H,6,21,True
D,H,4,22,True
A,H,8,23,True
A,H,8,24,True
T,H,8,25,True
A,H,9,26,True
E,H,9,27,True
K,H,9,28,True
V,H,9,29,True
F,H,9,30,True
K,H,8,31,True
Q,H,7,32,True
Y,H,7,33,True
A,H,5,34,True
N,H,1,35,True
D,C,3,36,True
N,C,8,37,True
G,C,8,38,True
V,C,6,39,True
D,C,6,40,True
G,C,6,41,True
E,E,0,42,True
W,E,1,43,True
T,E,1,44,True
Y,E,1,45,True
D,C,1,46,True
D,C,5,47,True
A,C,6,48,True
T,C,2,49,True
K,E,2,50,True
T,E,6,51,True
F,E,7,52,True
T,E,8,53,True
V,E,4,54,True
T,E,0,55,True
E,C,9,56,True
